{
    "temp(melt)": 700.0,
    "temp(air)": 49.099999999999994,
    "gas(melt)": 77.60000000000001,
    "elec_use": 865.0,
    "Name": "holdingM"
}